t_global,episode,t,action,belief_toxic,inventory,regime,reward
0,0,0,1,0.2,0,0,-0.0
1,0,1,1,0.5385,0,0,-0.0
2,0,2,1,0.2268,0,1,-0.0
3,0,3,0,0.0906,0,0,2.0
4,0,4,2,0.0451,1,0,-0.35
5,0,5,0,0.0313,0,0,2.0
6,0,6,0,0.0272,1,1,-4.05
7,0,7,2,0.026,2,1,-1.6
8,0,8,0,0.0257,1,1,-4.05
9,0,9,2,0.2578,2,1,-1.6
10,0,10,1,0.6001,1,1,-0.05
11,0,11,1,0.8236,1,1,-0.05
12,0,12,1,0.9036,1,1,-0.05
13,0,13,1,0.4854,1,1,-0.05
14,0,14,2,0.1996,1,0,-0.35
15,0,15,0,0.0809,0,0,2.0
16,0,16,1,0.3675,1,0,-0.05
17,0,17,2,0.1456,1,0,-0.35
18,0,18,0,0.0626,0,0,2.0
19,0,19,2,0.0365,1,0,-0.35
20,1,0,1,0.2,0,0,-0.0
21,1,1,0,0.0811,0,0,2.0
22,1,2,2,0.0421,1,0,-0.35
23,1,3,0,0.0304,0,0,2.0
24,1,4,0,0.027,1,0,1.95
25,1,5,2,0.026,2,0,-0.4
26,1,6,2,0.2584,1,0,-0.35
27,1,7,0,0.1022,0,0,2.0
28,1,8,2,0.0487,1,0,-0.35
29,1,9,1,0.3065,0,0,-0.0
30,1,10,0,0.1206,0,0,2.0
31,1,11,2,0.0545,1,0,-0.35
32,1,12,0,0.0341,0,0,2.0
33,1,13,0,0.028,1,0,1.95
34,1,14,2,0.263,2,0,-0.4
35,1,15,2,0.1039,1,0,-0.35
36,1,16,0,0.0492,0,0,2.0
37,1,17,0,0.0325,1,0,1.95
38,1,18,2,0.0276,2,0,-0.4
39,1,19,2,0.0261,1,0,-0.35
40,2,0,1,0.2,0,0,-0.0
41,2,1,0,0.0811,0,0,2.0
42,2,2,2,0.0421,1,0,-0.35
43,2,3,1,0.2931,0,0,-0.0
44,2,4,0,0.1154,0,0,2.0
45,2,5,1,0.4246,1,0,-0.05
46,2,6,2,0.1707,1,0,-0.35
47,2,7,1,0.5027,0,0,-0.0
48,2,8,1,0.2083,0,0,-0.0
49,2,9,0,0.084,0,0,2.0
50,2,10,2,0.043,1,0,-0.35
51,2,11,0,0.0307,0,0,2.0
52,2,12,2,0.027,1,0,-0.35
53,2,13,1,0.2608,0,0,-0.0
54,2,14,0,0.1031,0,0,2.0
55,2,15,2,0.049,1,1,-1.55
56,2,16,0,0.0324,0,1,-4.0
57,2,17,0,0.0276,1,1,-4.05
58,2,18,2,0.0261,2,1,-1.6
59,2,19,2,0.2588,1,1,-1.55
60,3,0,1,0.2,0,0,-0.0
61,3,1,0,0.0811,0,0,2.0
62,3,2,2,0.0421,1,0,-0.35
63,3,3,0,0.0304,0,0,2.0
64,3,4,0,0.027,1,0,1.95
65,3,5,2,0.026,2,0,-0.4
66,3,6,0,0.0257,1,0,1.95
67,3,7,2,0.0256,2,0,-0.4
68,3,8,0,0.0256,1,0,1.95
69,3,9,2,0.0256,2,0,-0.4
70,3,10,2,0.2575,1,0,-0.35
71,3,11,0,0.1018,0,0,2.0
72,3,12,2,0.0486,1,1,-1.55
73,3,13,0,0.0323,0,1,-4.0
74,3,14,1,0.2723,1,1,-0.05
75,3,15,1,0.614,1,1,-0.05
76,3,16,1,0.2691,1,1,-0.05
77,3,17,1,0.611,1,0,-0.05
78,3,18,1,0.8283,1,0,-0.05
79,3,19,2,0.4188,1,0,-0.35
80,4,0,1,0.2,0,0,-0.0
81,4,1,0,0.0811,0,0,2.0
82,4,2,2,0.0421,1,0,-0.35
83,4,3,0,0.0304,0,0,2.0
84,4,4,0,0.027,1,0,1.95
85,4,5,2,0.026,2,0,-0.4
86,4,6,0,0.0257,1,0,1.95
87,4,7,2,0.0256,2,0,-0.4
88,4,8,0,0.0256,1,0,1.95
89,4,9,2,0.2575,2,0,-0.4
90,4,10,2,0.1018,1,0,-0.35
91,4,11,0,0.0486,0,0,2.0
92,4,12,2,0.0323,1,0,-0.35
93,4,13,0,0.0275,0,0,2.0
94,4,14,2,0.0261,1,0,-0.35
95,4,15,0,0.0257,0,0,2.0
96,4,16,1,0.2578,1,0,-0.05
97,4,17,2,0.102,1,0,-0.35
98,4,18,0,0.0486,0,0,2.0
99,4,19,2,0.0323,1,0,-0.35
100,5,0,1,0.2,0,0,-0.0
101,5,1,1,0.5385,0,0,-0.0
102,5,2,1,0.2268,0,0,-0.0
103,5,3,0,0.0906,0,0,2.0
104,5,4,2,0.0451,1,0,-0.35
105,5,5,0,0.0313,0,0,2.0
106,5,6,0,0.0272,1,0,1.95
107,5,7,2,0.026,2,0,-0.4
108,5,8,2,0.2586,1,0,-0.35
109,5,9,1,0.6009,0,0,-0.0
110,5,10,1,0.2614,0,0,-0.0
111,5,11,0,0.1033,0,0,2.0
112,5,12,2,0.049,1,0,-0.35
113,5,13,0,0.0324,0,0,2.0
114,5,14,2,0.0276,1,0,-0.35
115,5,15,0,0.0261,0,0,2.0
116,5,16,2,0.0257,1,0,-0.35
117,5,17,0,0.0256,0,0,2.0
118,5,18,2,0.0256,1,0,-0.35
119,5,19,1,0.0256,0,0,-0.0
120,6,0,1,0.2,0,0,-0.0
121,6,1,1,0.5385,0,0,-0.0
122,6,2,1,0.2268,0,0,-0.0
123,6,3,0,0.0906,0,0,2.0
124,6,4,2,0.0451,1,0,-0.35
125,6,5,0,0.0313,0,0,2.0
126,6,6,0,0.0272,1,0,1.95
127,6,7,2,0.026,2,0,-0.4
128,6,8,0,0.0257,1,0,1.95
129,6,9,2,0.0256,2,0,-0.4
130,6,10,0,0.0256,1,0,1.95
131,6,11,2,0.0256,2,0,-0.4
132,6,12,2,0.0256,1,1,-1.55
133,6,13,1,0.2575,0,0,-0.0
134,6,14,0,0.1018,0,0,2.0
135,6,15,2,0.0486,1,0,-0.35
136,6,16,0,0.0323,0,0,2.0
137,6,17,0,0.0275,1,0,1.95
138,6,18,2,0.0261,2,0,-0.4
139,6,19,2,0.0257,1,0,-0.35
140,7,0,1,0.2,0,0,-0.0
141,7,1,1,0.5385,0,0,-0.0
142,7,2,1,0.795,0,0,-0.0
143,7,3,1,0.392,0,0,-0.0
144,7,4,0,0.1562,0,0,2.0
145,7,5,2,0.0661,1,0,-0.35
146,7,6,0,0.0376,0,0,2.0
147,7,7,0,0.0291,1,0,1.95
148,7,8,2,0.0266,2,1,-1.6
149,7,9,0,0.0259,1,1,-4.05
150,7,10,2,0.0256,2,1,-1.6
151,7,11,0,0.0256,1,0,1.95
152,7,12,2,0.0256,2,0,-0.4
153,7,13,0,0.0256,1,0,1.95
154,7,14,2,0.2575,2,0,-0.4
155,7,15,2,0.1018,1,0,-0.35
156,7,16,0,0.0486,0,0,2.0
157,7,17,0,0.0323,1,0,1.95
158,7,18,2,0.2723,2,0,-0.4
159,7,19,2,0.1074,1,0,-0.35
160,8,0,1,0.2,0,0,-0.0
161,8,1,0,0.0811,0,0,2.0
162,8,2,2,0.0421,1,0,-0.35
163,8,3,1,0.2931,0,1,-0.0
164,8,4,0,0.1154,0,0,2.0
165,8,5,2,0.0529,1,0,-0.35
166,8,6,1,0.3148,0,0,-0.0
167,8,7,0,0.1239,0,0,2.0
168,8,8,2,0.0556,1,0,-0.35
169,8,9,0,0.0344,0,0,2.0
170,8,10,0,0.0281,1,0,1.95
171,8,11,2,0.0263,2,0,-0.4
172,8,12,2,0.0258,1,0,-0.35
173,8,13,1,0.258,0,0,-0.0
174,8,14,0,0.102,0,0,2.0
175,8,15,2,0.0486,1,0,-0.35
176,8,16,0,0.0323,0,0,2.0
177,8,17,0,0.0275,1,0,1.95
178,8,18,2,0.2618,2,0,-0.4
179,8,19,2,0.6041,1,1,-1.55
180,9,0,1,0.2,0,1,-0.0
181,9,1,1,0.5385,0,1,-0.0
182,9,2,1,0.2268,0,1,-0.0
183,9,3,0,0.0906,0,1,-4.0
184,9,4,1,0.3842,1,1,-0.05
185,9,5,1,0.7045,1,1,-0.05
186,9,6,1,0.8649,1,1,-0.05
187,9,7,1,0.4501,1,0,-0.05
188,9,8,2,0.1826,1,0,-0.35
189,9,9,0,0.075,0,0,2.0
190,9,10,2,0.0403,1,0,-0.35
191,9,11,0,0.0299,0,0,2.0
192,9,12,2,0.0268,1,0,-0.35
193,9,13,0,0.0259,0,0,2.0
194,9,14,2,0.2583,1,0,-0.35
195,9,15,0,0.1021,0,0,2.0
196,9,16,2,0.0487,1,0,-0.35
197,9,17,1,0.3065,0,0,-0.0
198,9,18,0,0.1206,0,0,2.0
199,9,19,2,0.0545,1,0,-0.35
200,10,0,1,0.2,0,0,-0.0
201,10,1,0,0.0811,0,0,2.0
202,10,2,2,0.0421,1,0,-0.35
203,10,3,0,0.0304,0,0,2.0
204,10,4,0,0.027,1,0,1.95
205,10,5,2,0.026,2,0,-0.4
206,10,6,0,0.0257,1,0,1.95
207,10,7,2,0.0256,2,0,-0.4
208,10,8,0,0.0256,1,0,1.95
209,10,9,2,0.2575,2,0,-0.4
210,10,10,2,0.1018,1,0,-0.35
211,10,11,0,0.0486,0,0,2.0
212,10,12,2,0.0323,1,0,-0.35
213,10,13,0,0.0275,0,0,2.0
214,10,14,2,0.0261,1,0,-0.35
215,10,15,0,0.0257,0,0,2.0
216,10,16,2,0.0256,1,0,-0.35
217,10,17,0,0.0256,0,0,2.0
218,10,18,2,0.0256,1,0,-0.35
219,10,19,1,0.0256,0,0,-0.0
220,11,0,1,0.2,0,0,-0.0
221,11,1,0,0.0811,0,0,2.0
222,11,2,2,0.0421,1,0,-0.35
223,11,3,0,0.0304,0,0,2.0
224,11,4,0,0.027,1,0,1.95
225,11,5,2,0.2606,2,0,-0.4
226,11,6,2,0.103,1,0,-0.35
227,11,7,0,0.0489,0,0,2.0
228,11,8,2,0.307,1,0,-0.35
229,11,9,0,0.1208,0,0,2.0
230,11,10,1,0.433,1,0,-0.05
231,11,11,2,0.1746,1,0,-0.35
232,11,12,0,0.0723,0,0,2.0
233,11,13,0,0.0395,1,0,1.95
234,11,14,2,0.0296,2,0,-0.4
235,11,15,0,0.0267,1,0,1.95
236,11,16,2,0.0259,2,0,-0.4
237,11,17,0,0.0257,1,0,1.95
238,11,18,2,0.0256,2,0,-0.4
239,11,19,2,0.0256,1,0,-0.35
240,12,0,1,0.2,0,0,-0.0
241,12,1,0,0.0811,0,0,2.0
242,12,2,2,0.0421,1,0,-0.35
243,12,3,0,0.0304,0,0,2.0
244,12,4,2,0.2682,1,0,-0.35
245,12,5,0,0.1058,0,0,2.0
246,12,6,1,0.4095,1,0,-0.05
247,12,7,2,0.1639,1,0,-0.35
248,12,8,0,0.0687,0,0,2.0
249,12,9,0,0.0384,1,0,1.95
250,12,10,2,0.0293,2,0,-0.4
251,12,11,0,0.0266,1,0,1.95
252,12,12,2,0.0259,2,0,-0.4
253,12,13,0,0.0256,1,0,1.95
254,12,14,2,0.0256,2,0,-0.4
255,12,15,2,0.2575,1,0,-0.35
256,12,16,1,0.5999,0,1,-0.0
257,12,17,1,0.8235,0,1,-0.0
258,12,18,1,0.4148,0,1,-0.0
259,12,19,1,0.1663,0,1,-0.0
260,13,0,1,0.2,0,0,-0.0
261,13,1,0,0.0811,0,0,2.0
262,13,2,2,0.0421,1,0,-0.35
263,13,3,0,0.0304,0,0,2.0
264,13,4,0,0.027,1,0,1.95
265,13,5,2,0.026,2,0,-0.4
266,13,6,2,0.2584,1,0,-0.35
267,13,7,0,0.1022,0,0,2.0
268,13,8,2,0.0487,1,0,-0.35
269,13,9,0,0.0323,0,0,2.0
270,13,10,0,0.0275,1,0,1.95
271,13,11,2,0.0261,2,0,-0.4
272,13,12,2,0.0257,1,0,-0.35
273,13,13,0,0.0256,0,0,2.0
274,13,14,2,0.0256,1,0,-0.35
275,13,15,1,0.2575,0,0,-0.0
276,13,16,1,0.5999,0,0,-0.0
277,13,17,1,0.2608,0,0,-0.0
278,13,18,1,0.603,0,0,-0.0
279,13,19,1,0.2626,0,0,-0.0
280,14,0,1,0.2,0,0,-0.0
281,14,1,0,0.0811,0,0,2.0
282,14,2,2,0.0421,1,0,-0.35
283,14,3,0,0.0304,0,0,2.0
284,14,4,2,0.2682,1,0,-0.35
285,14,5,0,0.1058,0,0,2.0
286,14,6,2,0.0498,1,0,-0.35
287,14,7,1,0.3088,0,0,-0.0
288,14,8,0,0.1215,0,0,2.0
289,14,9,2,0.0548,1,0,-0.35
290,14,10,0,0.0342,0,0,2.0
291,14,11,0,0.0281,1,0,1.95
292,14,12,2,0.0263,2,0,-0.4
293,14,13,2,0.2591,1,0,-0.35
294,14,14,0,0.1024,0,0,2.0
295,14,15,2,0.0488,1,0,-0.35
296,14,16,1,0.3067,0,0,-0.0
297,14,17,1,0.6447,0,0,-0.0
298,14,18,1,0.2876,0,0,-0.0
299,14,19,1,0.6281,0,0,-0.0
300,15,0,1,0.2,0,0,-0.0
301,15,1,0,0.0811,0,0,2.0
302,15,2,2,0.0421,1,0,-0.35
303,15,3,0,0.0304,0,0,2.0
304,15,4,0,0.027,1,0,1.95
305,15,5,2,0.026,2,0,-0.4
306,15,6,0,0.0257,1,0,1.95
307,15,7,2,0.0256,2,0,-0.4
308,15,8,0,0.0256,1,0,1.95
309,15,9,2,0.2575,2,1,-1.6
310,15,10,2,0.1018,1,1,-1.55
311,15,11,1,0.403,0,1,-0.0
312,15,12,0,0.161,0,1,-4.0
313,15,13,1,0.4901,1,1,-0.05
314,15,14,2,0.2019,1,0,-0.35
315,15,15,0,0.0818,0,0,2.0
316,15,16,2,0.0423,1,0,-0.35
317,15,17,0,0.0305,0,0,2.0
318,15,18,2,0.027,1,0,-0.35
319,15,19,1,0.026,0,0,-0.0
320,16,0,1,0.2,0,1,-0.0
321,16,1,1,0.5385,0,1,-0.0
322,16,2,1,0.2268,0,1,-0.0
323,16,3,0,0.0906,0,1,-4.0
324,16,4,1,0.3842,1,1,-0.05
325,16,5,1,0.7045,1,1,-0.05
326,16,6,1,0.8649,1,1,-0.05
327,16,7,1,0.4501,1,1,-0.05
328,16,8,2,0.1826,1,1,-1.55
329,16,9,1,0.5176,0,1,-0.0
330,16,10,1,0.7845,0,1,-0.0
331,16,11,1,0.8917,0,1,-0.0
332,16,12,1,0.9227,0,1,-0.0
333,16,13,1,0.5037,0,1,-0.0
334,16,14,1,0.7772,0,1,-0.0
335,16,15,1,0.3783,0,1,-0.0
336,16,16,0,0.1502,0,0,2.0
337,16,17,2,0.0642,1,0,-0.35
338,16,18,0,0.037,0,0,2.0
339,16,19,2,0.0289,1,0,-0.35
340,17,0,1,0.2,0,0,-0.0
341,17,1,0,0.0811,0,0,2.0
342,17,2,1,0.3677,1,0,-0.05
343,17,3,2,0.1457,1,0,-0.35
344,17,4,0,0.0627,0,0,2.0
345,17,5,0,0.0365,1,0,1.95
346,17,6,2,0.0288,2,0,-0.4
347,17,7,0,0.0265,1,0,1.95
348,17,8,2,0.0258,2,0,-0.4
349,17,9,0,0.0256,1,0,1.95
350,17,10,2,0.0256,2,0,-0.4
351,17,11,2,0.2575,1,0,-0.35
352,17,12,0,0.1018,0,0,2.0
353,17,13,2,0.0486,1,0,-0.35
354,17,14,0,0.0323,0,0,2.0
355,17,15,2,0.2723,1,0,-0.35
356,17,16,0,0.1074,0,0,2.0
357,17,17,2,0.0503,1,0,-0.35
358,17,18,0,0.0328,0,0,2.0
359,17,19,2,0.0277,1,0,-0.35
360,18,0,1,0.2,0,1,-0.0
361,18,1,1,0.5385,0,1,-0.0
362,18,2,1,0.795,0,1,-0.0
363,18,3,1,0.895,0,1,-0.0
364,18,4,1,0.4773,0,0,-0.0
365,18,5,1,0.1957,0,0,-0.0
366,18,6,0,0.0796,0,0,2.0
367,18,7,0,0.0417,1,0,1.95
368,18,8,2,0.2921,2,0,-0.4
369,18,9,2,0.115,1,0,-0.35
370,18,10,0,0.0527,0,0,2.0
371,18,11,0,0.0336,1,0,1.95
372,18,12,2,0.0279,2,0,-0.4
373,18,13,0,0.0262,1,0,1.95
374,18,14,2,0.259,2,0,-0.4
375,18,15,2,0.1024,1,0,-0.35
376,18,16,0,0.0487,0,0,2.0
377,18,17,0,0.0324,1,0,1.95
378,18,18,2,0.0275,2,0,-0.4
379,18,19,2,0.0261,1,0,-0.35
380,19,0,1,0.2,0,1,-0.0
381,19,1,1,0.5385,0,1,-0.0
382,19,2,1,0.2268,0,0,-0.0
383,19,3,0,0.0906,0,0,2.0
384,19,4,2,0.0451,1,0,-0.35
385,19,5,0,0.0313,0,0,2.0
386,19,6,0,0.0272,1,0,1.95
387,19,7,2,0.026,2,0,-0.4
388,19,8,0,0.0257,1,0,1.95
389,19,9,2,0.0256,2,0,-0.4
390,19,10,0,0.0256,1,0,1.95
391,19,11,2,0.0256,2,0,-0.4
392,19,12,2,0.0256,1,0,-0.35
393,19,13,1,0.2575,0,0,-0.0
394,19,14,0,0.1018,0,0,2.0
395,19,15,2,0.0486,1,0,-0.35
396,19,16,0,0.0323,0,0,2.0
397,19,17,2,0.2723,1,0,-0.35
398,19,18,0,0.1074,0,0,2.0
399,19,19,2,0.0503,1,0,-0.35
400,20,0,1,0.2,0,0,-0.0
401,20,1,0,0.0811,0,0,2.0
402,20,2,2,0.0421,1,0,-0.35
403,20,3,1,0.2931,0,0,-0.0
404,20,4,0,0.1154,0,0,2.0
405,20,5,2,0.0529,1,0,-0.35
406,20,6,0,0.0336,0,0,2.0
407,20,7,2,0.2751,1,1,-1.55
408,20,8,1,0.6166,0,1,-0.0
409,20,9,1,0.8306,0,1,-0.0
410,20,10,1,0.9057,0,1,-0.0
411,20,11,1,0.9263,0,1,-0.0
412,20,12,1,0.9316,0,1,-0.0
413,20,13,1,0.5125,0,0,-0.0
414,20,14,0,0.2133,0,0,2.0
415,20,15,1,0.5536,1,0,-0.05
416,20,16,2,0.2349,1,0,-0.35
417,20,17,1,0.0935,0,0,-0.0
418,20,18,1,0.3892,0,1,-0.0
419,20,19,1,0.708,0,1,-0.0
420,21,0,1,0.2,0,0,-0.0
421,21,1,0,0.0811,0,0,2.0
422,21,2,2,0.0421,1,0,-0.35
423,21,3,0,0.0304,0,0,2.0
424,21,4,0,0.027,1,0,1.95
425,21,5,2,0.026,2,0,-0.4
426,21,6,2,0.2584,1,0,-0.35
427,21,7,0,0.1022,0,0,2.0
428,21,8,2,0.0487,1,0,-0.35
429,21,9,0,0.0323,0,0,2.0
430,21,10,0,0.0275,1,0,1.95
431,21,11,2,0.0261,2,0,-0.4
432,21,12,2,0.0257,1,0,-0.35
433,21,13,0,0.0256,0,0,2.0
434,21,14,2,0.0256,1,0,-0.35
435,21,15,1,0.2575,0,0,-0.0
436,21,16,0,0.1018,0,0,2.0
437,21,17,2,0.0486,1,0,-0.35
438,21,18,0,0.0323,0,0,2.0
439,21,19,2,0.0275,1,0,-0.35
440,22,0,1,0.2,0,0,-0.0
441,22,1,0,0.0811,0,0,2.0
442,22,2,2,0.0421,1,0,-0.35
443,22,3,0,0.0304,0,0,2.0
444,22,4,0,0.027,1,0,1.95
445,22,5,2,0.026,2,0,-0.4
446,22,6,0,0.0257,1,0,1.95
447,22,7,2,0.0256,2,0,-0.4
448,22,8,0,0.0256,1,0,1.95
449,22,9,2,0.2575,2,1,-1.6
450,22,10,1,0.5998,1,1,-0.05
451,22,11,1,0.8235,1,1,-0.05
452,22,12,1,0.4148,1,1,-0.05
453,22,13,2,0.1663,1,0,-0.35
454,22,14,0,0.0695,0,0,2.0
455,22,15,0,0.0386,1,0,1.95
456,22,16,2,0.0294,2,0,-0.4
457,22,17,2,0.2659,1,1,-1.55
458,22,18,1,0.608,0,1,-0.0
459,22,19,1,0.827,0,1,-0.0
460,23,0,1,0.2,0,1,-0.0
461,23,1,0,0.0811,0,0,2.0
462,23,2,2,0.0421,1,0,-0.35
463,23,3,1,0.2931,0,0,-0.0
464,23,4,1,0.633,0,0,-0.0
465,23,5,1,0.2804,0,0,-0.0
466,23,6,0,0.1105,0,0,2.0
467,23,7,1,0.4169,1,0,-0.05
468,23,8,2,0.1673,1,0,-0.35
469,23,9,0,0.0699,0,0,2.0
470,23,10,2,0.0387,1,0,-0.35
471,23,11,0,0.0294,0,0,2.0
472,23,12,2,0.0267,1,0,-0.35
473,23,13,0,0.0259,0,0,2.0
474,23,14,2,0.0256,1,0,-0.35
475,23,15,0,0.0256,0,0,2.0
476,23,16,2,0.0256,1,0,-0.35
477,23,17,0,0.0256,0,0,2.0
478,23,18,2,0.0256,1,0,-0.35
479,23,19,1,0.0256,0,0,-0.0
480,24,0,1,0.2,0,0,-0.0
481,24,1,0,0.0811,0,0,2.0
482,24,2,2,0.0421,1,0,-0.35
483,24,3,0,0.0304,0,0,2.0
484,24,4,0,0.027,1,0,1.95
485,24,5,2,0.2606,2,1,-1.6
486,24,6,1,0.6029,1,0,-0.05
487,24,7,2,0.2625,1,0,-0.35
488,24,8,1,0.6047,0,0,-0.0
489,24,9,1,0.2636,0,0,-0.0
490,24,10,0,0.1041,0,0,2.0
491,24,11,2,0.0493,1,0,-0.35
492,24,12,1,0.3077,0,0,-0.0
493,24,13,1,0.6456,0,0,-0.0
494,24,14,1,0.8426,0,1,-0.0
495,24,15,1,0.9091,0,1,-0.0
496,24,16,1,0.9272,0,0,-0.0
497,24,17,1,0.5082,0,0,-0.0
498,24,18,0,0.211,0,0,2.0
499,24,19,2,0.5511,1,0,-0.35
500,25,0,1,0.2,0,0,-0.0
501,25,1,1,0.5385,0,0,-0.0
502,25,2,1,0.2268,0,0,-0.0
503,25,3,0,0.0906,0,0,2.0
504,25,4,2,0.0451,1,0,-0.35
505,25,5,0,0.0313,0,0,2.0
506,25,6,0,0.0272,1,0,1.95
507,25,7,2,0.026,2,0,-0.4
508,25,8,2,0.2586,1,1,-1.55
509,25,9,1,0.6009,0,1,-0.0
510,25,10,1,0.8239,0,1,-0.0
511,25,11,1,0.9037,0,1,-0.0
512,25,12,1,0.9258,0,1,-0.0
513,25,13,1,0.9314,0,1,-0.0
514,25,14,1,0.5124,0,1,-0.0
515,25,15,1,0.2132,0,1,-0.0
516,25,16,0,0.0857,0,1,-4.0
517,25,17,0,0.0436,1,1,-4.05
518,25,18,2,0.2961,2,1,-1.6
519,25,19,2,0.1165,1,0,-0.35
520,26,0,1,0.2,0,0,-0.0
521,26,1,0,0.0811,0,0,2.0
522,26,2,1,0.3677,1,0,-0.05
523,26,3,2,0.1457,1,0,-0.35
524,26,4,0,0.0627,0,0,2.0
525,26,5,0,0.0365,1,0,1.95
526,26,6,2,0.0288,2,0,-0.4
527,26,7,0,0.0265,1,0,1.95
528,26,8,2,0.0258,2,0,-0.4
529,26,9,0,0.0256,1,0,1.95
530,26,10,2,0.0256,2,0,-0.4
531,26,11,0,0.0256,1,0,1.95
532,26,12,2,0.0256,2,0,-0.4
533,26,13,0,0.0256,1,0,1.95
534,26,14,2,0.2575,2,0,-0.4
535,26,15,2,0.1018,1,0,-0.35
536,26,16,0,0.0486,0,0,2.0
537,26,17,2,0.3063,1,0,-0.35
538,26,18,1,0.6444,0,0,-0.0
539,26,19,1,0.2874,0,0,-0.0
540,27,0,1,0.2,0,0,-0.0
541,27,1,1,0.5385,0,0,-0.0
542,27,2,1,0.2268,0,0,-0.0
543,27,3,0,0.0906,0,0,2.0
544,27,4,1,0.3842,1,0,-0.05
545,27,5,2,0.1528,1,0,-0.35
546,27,6,0,0.065,0,0,2.0
547,27,7,0,0.0372,1,0,1.95
548,27,8,2,0.029,2,0,-0.4
549,27,9,0,0.0265,1,0,1.95
550,27,10,2,0.0258,2,0,-0.4
551,27,11,0,0.0256,1,0,1.95
552,27,12,2,0.0256,2,0,-0.4
553,27,13,0,0.0256,1,0,1.95
554,27,14,2,0.2575,2,0,-0.4
555,27,15,1,0.5998,1,0,-0.05
556,27,16,1,0.2608,1,0,-0.05
557,27,17,1,0.603,1,1,-0.05
558,27,18,2,0.2626,1,0,-0.35
559,27,19,1,0.1037,0,0,-0.0
560,28,0,1,0.2,0,1,-0.0
561,28,1,1,0.5385,0,1,-0.0
562,28,2,1,0.795,0,1,-0.0
563,28,3,1,0.895,0,1,-0.0
564,28,4,1,0.9235,0,1,-0.0
565,28,5,1,0.9309,0,1,-0.0
566,28,6,1,0.9327,0,1,-0.0
567,28,7,1,0.5137,0,0,-0.0
568,28,8,1,0.2138,0,0,-0.0
569,28,9,0,0.086,0,0,2.0
570,28,10,2,0.0436,1,0,-0.35
571,28,11,0,0.0308,0,0,2.0
572,28,12,2,0.0271,1,0,-0.35
573,28,13,0,0.026,0,0,2.0
574,28,14,2,0.0257,1,0,-0.35
575,28,15,0,0.0256,0,0,2.0
576,28,16,2,0.0256,1,0,-0.35
577,28,17,0,0.0256,0,0,2.0
578,28,18,2,0.0256,1,0,-0.35
579,28,19,1,0.0256,0,1,-0.0
580,29,0,1,0.2,0,0,-0.0
581,29,1,0,0.0811,0,0,2.0
582,29,2,2,0.0421,1,0,-0.35
583,29,3,0,0.0304,0,0,2.0
584,29,4,0,0.027,1,0,1.95
585,29,5,2,0.2606,2,0,-0.4
586,29,6,2,0.103,1,0,-0.35
587,29,7,0,0.0489,0,0,2.0
588,29,8,2,0.0324,1,0,-0.35
589,29,9,0,0.0276,0,0,2.0
590,29,10,0,0.0261,1,0,1.95
591,29,11,2,0.0257,2,0,-0.4
592,29,12,2,0.0256,1,0,-0.35
593,29,13,1,0.2576,0,1,-0.0
594,29,14,1,0.5999,0,1,-0.0
595,29,15,1,0.2608,0,0,-0.0
596,29,16,0,0.1031,0,0,2.0
597,29,17,2,0.049,1,0,-0.35
598,29,18,0,0.0324,0,0,2.0
599,29,19,2,0.0276,1,0,-0.35
600,30,0,1,0.2,0,0,-0.0
601,30,1,0,0.0811,0,0,2.0
602,30,2,2,0.0421,1,0,-0.35
603,30,3,0,0.0304,0,0,2.0
604,30,4,0,0.027,1,0,1.95
605,30,5,2,0.2606,2,1,-1.6
606,30,6,1,0.6029,1,1,-0.05
607,30,7,1,0.8248,1,1,-0.05
608,30,8,1,0.904,1,1,-0.05
609,30,9,1,0.9259,1,0,-0.05
610,30,10,1,0.9315,1,1,-0.05
611,30,11,1,0.5124,1,1,-0.05
612,30,12,1,0.7818,1,1,-0.05
613,30,13,2,0.3818,1,1,-1.55
614,30,14,0,0.1517,0,1,-4.0
615,30,15,2,0.0647,1,0,-0.35
616,30,16,0,0.0371,0,0,2.0
617,30,17,0,0.0289,1,0,1.95
618,30,18,2,0.0265,2,0,-0.4
619,30,19,2,0.0258,1,0,-0.35
620,31,0,1,0.2,0,1,-0.0
621,31,1,1,0.5385,0,1,-0.0
622,31,2,1,0.795,0,1,-0.0
623,31,3,1,0.895,0,1,-0.0
624,31,4,1,0.9235,0,1,-0.0
625,31,5,1,0.5046,0,1,-0.0
626,31,6,1,0.2092,0,1,-0.0
627,31,7,1,0.549,0,1,-0.0
628,31,8,1,0.2324,0,1,-0.0
629,31,9,1,0.5744,0,1,-0.0
630,31,10,1,0.8121,0,1,-0.0
631,31,11,1,0.4056,0,1,-0.0
632,31,12,1,0.719,0,1,-0.0
633,31,13,1,0.3362,0,1,-0.0
634,31,14,0,0.1325,0,0,2.0
635,31,15,2,0.0584,1,0,-0.35
636,31,16,0,0.0352,0,0,2.0
637,31,17,2,0.2786,1,0,-0.35
638,31,18,0,0.1098,0,0,2.0
639,31,19,2,0.4158,1,1,-1.55
640,32,0,1,0.2,0,0,-0.0
641,32,1,0,0.0811,0,0,2.0
642,32,2,2,0.0421,1,0,-0.35
643,32,3,0,0.0304,0,0,2.0
644,32,4,2,0.2682,1,0,-0.35
645,32,5,1,0.6101,0,0,-0.0
646,32,6,1,0.8279,0,0,-0.0
647,32,7,1,0.4185,0,0,-0.0
648,32,8,1,0.7275,0,1,-0.0
649,32,9,1,0.342,0,0,-0.0
650,32,10,1,0.6735,0,1,-0.0
651,32,11,1,0.8534,0,1,-0.0
652,32,12,1,0.44,0,1,-0.0
653,32,13,1,0.741,0,1,-0.0
654,32,14,1,0.8776,0,1,-0.0
655,32,15,1,0.9189,0,1,-0.0
656,32,16,1,0.9297,0,1,-0.0
657,32,17,1,0.5107,0,1,-0.0
658,32,18,1,0.7809,0,1,-0.0
659,32,19,1,0.8906,0,1,-0.0
660,33,0,1,0.2,0,0,-0.0
661,33,1,1,0.5385,0,0,-0.0
662,33,2,1,0.2268,0,0,-0.0
663,33,3,0,0.0906,0,0,2.0
664,33,4,2,0.0451,1,0,-0.35
665,33,5,1,0.2991,0,0,-0.0
666,33,6,0,0.1177,0,0,2.0
667,33,7,2,0.0536,1,0,-0.35
668,33,8,0,0.0338,0,1,-4.0
669,33,9,0,0.028,1,1,-4.05
670,33,10,2,0.0263,2,1,-1.6
671,33,11,2,0.259,1,1,-1.55
672,33,12,0,0.1024,0,0,2.0
673,33,13,2,0.4039,1,0,-0.35
674,33,14,0,0.1614,0,0,2.0
675,33,15,2,0.0679,1,0,-0.35
676,33,16,0,0.0381,0,0,2.0
677,33,17,0,0.0292,1,0,1.95
678,33,18,2,0.0266,2,0,-0.4
679,33,19,2,0.0259,1,0,-0.35
680,34,0,1,0.2,0,0,-0.0
681,34,1,1,0.5385,0,0,-0.0
682,34,2,1,0.2268,0,0,-0.0
683,34,3,0,0.0906,0,0,2.0
684,34,4,2,0.0451,1,0,-0.35
685,34,5,0,0.0313,0,0,2.0
686,34,6,0,0.0272,1,0,1.95
687,34,7,2,0.2612,2,0,-0.4
688,34,8,2,0.1032,1,0,-0.35
689,34,9,0,0.049,0,0,2.0
690,34,10,2,0.0324,1,0,-0.35
691,34,11,0,0.0276,0,0,2.0
692,34,12,2,0.0261,1,0,-0.35
693,34,13,0,0.0257,0,0,2.0
694,34,14,2,0.0256,1,0,-0.35
695,34,15,0,0.0256,0,0,2.0
696,34,16,2,0.0256,1,0,-0.35
697,34,17,0,0.0256,0,0,2.0
698,34,18,2,0.0256,1,0,-0.35
699,34,19,1,0.0256,0,1,-0.0
700,35,0,1,0.2,0,0,-0.0
701,35,1,1,0.5385,0,0,-0.0
702,35,2,1,0.2268,0,0,-0.0
703,35,3,1,0.5684,0,0,-0.0
704,35,4,1,0.243,0,0,-0.0
705,35,5,1,0.5853,0,0,-0.0
706,35,6,1,0.817,0,1,-0.0
707,35,7,1,0.9017,0,1,-0.0
708,35,8,1,0.9253,0,1,-0.0
709,35,9,1,0.9313,0,1,-0.0
710,35,10,1,0.5123,0,0,-0.0
711,35,11,1,0.2131,0,0,-0.0
712,35,12,0,0.0857,0,0,2.0
713,35,13,2,0.3758,1,1,-1.55
714,35,14,1,0.6986,0,0,-0.0
715,35,15,1,0.3222,0,0,-0.0
716,35,16,0,0.1269,0,0,2.0
717,35,17,2,0.0566,1,0,-0.35
718,35,18,0,0.0347,0,0,2.0
719,35,19,2,0.0282,1,0,-0.35
720,36,0,1,0.2,0,0,-0.0
721,36,1,0,0.0811,0,0,2.0
722,36,2,2,0.0421,1,0,-0.35
723,36,3,0,0.0304,0,0,2.0
724,36,4,0,0.027,1,0,1.95
725,36,5,2,0.026,2,0,-0.4
726,36,6,0,0.0257,1,0,1.95
727,36,7,2,0.0256,2,0,-0.4
728,36,8,0,0.0256,1,0,1.95
729,36,9,2,0.0256,2,0,-0.4
730,36,10,0,0.0256,1,0,1.95
731,36,11,2,0.0256,2,0,-0.4
732,36,12,2,0.2575,1,0,-0.35
733,36,13,1,0.5998,0,0,-0.0
734,36,14,1,0.8235,0,0,-0.0
735,36,15,1,0.4148,0,0,-0.0
736,36,16,0,0.1663,0,0,2.0
737,36,17,2,0.0695,1,0,-0.35
738,36,18,0,0.0386,0,0,2.0
739,36,19,2,0.0294,1,0,-0.35
740,37,0,1,0.2,0,0,-0.0
741,37,1,0,0.0811,0,0,2.0
742,37,2,2,0.0421,1,0,-0.35
743,37,3,0,0.0304,0,0,2.0
744,37,4,0,0.027,1,0,1.95
745,37,5,2,0.2606,2,1,-1.6
746,37,6,1,0.6029,1,1,-0.05
747,37,7,1,0.8248,1,1,-0.05
748,37,8,1,0.904,1,1,-0.05
749,37,9,1,0.4857,1,1,-0.05
750,37,10,2,0.1998,1,1,-1.55
751,37,11,0,0.081,0,1,-4.0
752,37,12,1,0.3676,1,1,-0.05
753,37,13,1,0.6927,1,0,-0.05
754,37,14,1,0.3183,1,0,-0.05
755,37,15,2,0.1253,1,0,-0.35
756,37,16,0,0.056,0,0,2.0
757,37,17,0,0.0345,1,0,1.95
758,37,18,2,0.0282,2,0,-0.4
759,37,19,2,0.2633,1,0,-0.35
760,38,0,1,0.2,0,0,-0.0
761,38,1,0,0.0811,0,0,2.0
762,38,2,1,0.3677,1,0,-0.05
763,38,3,2,0.1457,1,0,-0.35
764,38,4,0,0.0627,0,0,2.0
765,38,5,0,0.0365,1,0,1.95
766,38,6,2,0.0288,2,0,-0.4
767,38,7,0,0.0265,1,0,1.95
768,38,8,2,0.0258,2,0,-0.4
769,38,9,0,0.0256,1,0,1.95
770,38,10,2,0.0256,2,0,-0.4
771,38,11,2,0.2575,1,0,-0.35
772,38,12,0,0.1018,0,0,2.0
773,38,13,2,0.0486,1,0,-0.35
774,38,14,0,0.0323,0,0,2.0
775,38,15,2,0.2723,1,0,-0.35
776,38,16,0,0.1074,0,0,2.0
777,38,17,2,0.0503,1,0,-0.35
778,38,18,0,0.0328,0,0,2.0
779,38,19,2,0.0277,1,0,-0.35
780,39,0,1,0.2,0,1,-0.0
781,39,1,0,0.0811,0,1,-4.0
782,39,2,1,0.3677,1,1,-0.05
783,39,3,1,0.6928,1,1,-0.05
784,39,4,1,0.8606,1,1,-0.05
785,39,5,1,0.4463,1,1,-0.05
786,39,6,2,0.1808,1,0,-0.35
787,39,7,0,0.0744,0,0,2.0
788,39,8,1,0.3558,1,0,-0.05
789,39,9,1,0.684,1,1,-0.05
790,39,10,1,0.3126,1,0,-0.05
791,39,11,1,0.6497,1,0,-0.05
792,39,12,1,0.2907,1,0,-0.05
793,39,13,2,0.1144,1,0,-0.35
794,39,14,1,0.4231,0,0,-0.0
795,39,15,1,0.1701,0,0,-0.0
796,39,16,1,0.5019,0,0,-0.0
797,39,17,1,0.2078,0,0,-0.0
798,39,18,1,0.5475,0,0,-0.0
799,39,19,1,0.2316,0,0,-0.0
800,40,0,1,0.2,0,0,-0.0
801,40,1,0,0.0811,0,0,2.0
802,40,2,1,0.3677,1,0,-0.05
803,40,3,2,0.1457,1,0,-0.35
804,40,4,0,0.0627,0,0,2.0
805,40,5,0,0.0365,1,0,1.95
806,40,6,2,0.0288,2,0,-0.4
807,40,7,0,0.0265,1,0,1.95
808,40,8,2,0.0258,2,0,-0.4
809,40,9,0,0.0256,1,0,1.95
810,40,10,2,0.0256,2,0,-0.4
811,40,11,2,0.2575,1,0,-0.35
812,40,12,0,0.1018,0,0,2.0
813,40,13,2,0.0486,1,1,-1.55
814,40,14,0,0.0323,0,1,-4.0
815,40,15,0,0.0275,1,0,1.95
816,40,16,2,0.0261,2,0,-0.4
817,40,17,0,0.0257,1,0,1.95
818,40,18,2,0.2578,2,0,-0.4
819,40,19,2,0.6002,1,0,-0.35
820,41,0,1,0.2,0,0,-0.0
821,41,1,1,0.5385,0,0,-0.0
822,41,2,1,0.2268,0,0,-0.0
823,41,3,0,0.0906,0,0,2.0
824,41,4,2,0.0451,1,0,-0.35
825,41,5,0,0.0313,0,0,2.0
826,41,6,0,0.0272,1,0,1.95
827,41,7,2,0.026,2,0,-0.4
828,41,8,0,0.0257,1,0,1.95
829,41,9,2,0.0256,2,0,-0.4
830,41,10,0,0.0256,1,0,1.95
831,41,11,2,0.0256,2,0,-0.4
832,41,12,2,0.0256,1,0,-0.35
833,41,13,1,0.2575,0,1,-0.0
834,41,14,0,0.1018,0,1,-4.0
835,41,15,2,0.0486,1,1,-1.55
836,41,16,1,0.3063,0,1,-0.0
837,41,17,1,0.1205,0,1,-0.0
838,41,18,1,0.4325,0,1,-0.0
839,41,19,1,0.1744,0,1,-0.0
840,42,0,1,0.2,0,0,-0.0
841,42,1,0,0.0811,0,0,2.0
842,42,2,1,0.3677,1,0,-0.05
843,42,3,2,0.1457,1,0,-0.35
844,42,4,0,0.0627,0,0,2.0
845,42,5,0,0.0365,1,0,1.95
846,42,6,2,0.0288,2,0,-0.4
847,42,7,0,0.0265,1,0,1.95
848,42,8,2,0.0258,2,0,-0.4
849,42,9,0,0.0256,1,0,1.95
850,42,10,2,0.0256,2,0,-0.4
851,42,11,0,0.0256,1,0,1.95
852,42,12,2,0.0256,2,0,-0.4
853,42,13,0,0.0256,1,0,1.95
854,42,14,2,0.0256,2,0,-0.4
855,42,15,0,0.0256,1,0,1.95
856,42,16,2,0.0256,2,0,-0.4
857,42,17,0,0.0256,1,0,1.95
858,42,18,2,0.0256,2,0,-0.4
859,42,19,2,0.0256,1,0,-0.35
860,43,0,1,0.2,0,0,-0.0
861,43,1,0,0.0811,0,0,2.0
862,43,2,2,0.0421,1,0,-0.35
863,43,3,0,0.0304,0,0,2.0
864,43,4,0,0.027,1,0,1.95
865,43,5,2,0.2606,2,1,-1.6
866,43,6,2,0.103,1,0,-0.35
867,43,7,0,0.0489,0,1,-4.0
868,43,8,2,0.0324,1,1,-1.55
869,43,9,0,0.0276,0,0,2.0
870,43,10,0,0.0261,1,0,1.95
871,43,11,2,0.0257,2,0,-0.4
872,43,12,2,0.0256,1,0,-0.35
873,43,13,0,0.0256,0,0,2.0
874,43,14,2,0.0256,1,0,-0.35
875,43,15,0,0.0256,0,0,2.0
876,43,16,1,0.2575,1,0,-0.05
877,43,17,2,0.1018,1,0,-0.35
878,43,18,0,0.0486,0,0,2.0
879,43,19,2,0.0323,1,0,-0.35
880,44,0,1,0.2,0,0,-0.0
881,44,1,1,0.5385,0,0,-0.0
882,44,2,1,0.795,0,0,-0.0
883,44,3,1,0.392,0,0,-0.0
884,44,4,0,0.1562,0,0,2.0
885,44,5,1,0.4836,1,1,-0.05
886,44,6,1,0.7663,1,1,-0.05
887,44,7,1,0.886,1,1,-0.05
888,44,8,1,0.9211,1,1,-0.05
889,44,9,1,0.5022,1,1,-0.05
890,44,10,1,0.7764,1,1,-0.05
891,44,11,1,0.8892,1,1,-0.05
892,44,12,1,0.472,1,1,-0.05
893,44,13,1,0.7598,1,1,-0.05
894,44,14,1,0.8838,1,1,-0.05
895,44,15,1,0.9206,1,1,-0.05
896,44,16,1,0.9301,1,1,-0.05
897,44,17,1,0.9325,1,1,-0.05
898,44,18,1,0.5135,1,1,-0.05
899,44,19,2,0.7824,1,0,-0.35
900,45,0,1,0.2,0,0,-0.0
901,45,1,0,0.0811,0,0,2.0
902,45,2,2,0.0421,1,0,-0.35
903,45,3,0,0.0304,0,0,2.0
904,45,4,0,0.027,1,0,1.95
905,45,5,2,0.026,2,0,-0.4
906,45,6,0,0.0257,1,0,1.95
907,45,7,2,0.0256,2,0,-0.4
908,45,8,0,0.0256,1,0,1.95
909,45,9,2,0.0256,2,0,-0.4
910,45,10,0,0.0256,1,0,1.95
911,45,11,2,0.0256,2,0,-0.4
912,45,12,2,0.0256,1,0,-0.35
913,45,13,1,0.2575,0,0,-0.0
914,45,14,0,0.1018,0,0,2.0
915,45,15,2,0.0486,1,0,-0.35
916,45,16,1,0.3063,0,0,-0.0
917,45,17,1,0.1205,0,0,-0.0
918,45,18,0,0.0545,0,0,2.0
919,45,19,2,0.0341,1,0,-0.35
920,46,0,1,0.2,0,0,-0.0
921,46,1,0,0.0811,0,0,2.0
922,46,2,2,0.0421,1,0,-0.35
923,46,3,0,0.0304,0,0,2.0
924,46,4,0,0.027,1,0,1.95
925,46,5,2,0.2606,2,1,-1.6
926,46,6,1,0.6029,1,1,-0.05
927,46,7,1,0.8248,1,1,-0.05
928,46,8,1,0.904,1,1,-0.05
929,46,9,1,0.4857,1,1,-0.05
930,46,10,2,0.1998,1,1,-1.55
931,46,11,0,0.081,0,1,-4.0
932,46,12,1,0.3676,1,1,-0.05
933,46,13,2,0.1456,1,0,-0.35
934,46,14,0,0.0627,0,0,2.0
935,46,15,2,0.3339,1,1,-1.55
936,46,16,1,0.6671,0,1,-0.0
937,46,17,1,0.851,0,0,-0.0
938,46,18,1,0.4379,0,0,-0.0
939,46,19,1,0.1769,0,0,-0.0
940,47,0,1,0.2,0,1,-0.0
941,47,1,0,0.0811,0,0,2.0
942,47,2,2,0.0421,1,0,-0.35
943,47,3,0,0.0304,0,0,2.0
944,47,4,2,0.2682,1,0,-0.35
945,47,5,0,0.1058,0,0,2.0
946,47,6,2,0.0498,1,0,-0.35
947,47,7,1,0.3088,0,0,-0.0
948,47,8,0,0.1215,0,0,2.0
949,47,9,1,0.4341,1,0,-0.05
950,47,10,2,0.1751,1,0,-0.35
951,47,11,0,0.0725,0,0,2.0
952,47,12,2,0.0395,1,0,-0.35
953,47,13,0,0.0296,0,0,2.0
954,47,14,2,0.0267,1,0,-0.35
955,47,15,0,0.0259,0,0,2.0
956,47,16,2,0.0257,1,0,-0.35
957,47,17,0,0.0256,0,0,2.0
958,47,18,2,0.0256,1,0,-0.35
959,47,19,1,0.0256,0,0,-0.0
960,48,0,1,0.2,0,1,-0.0
961,48,1,0,0.0811,0,1,-4.0
962,48,2,1,0.3677,1,1,-0.05
963,48,3,2,0.1457,1,1,-1.55
964,48,4,0,0.0627,0,1,-4.0
965,48,5,2,0.3339,1,1,-1.55
966,48,6,1,0.6671,0,1,-0.0
967,48,7,1,0.851,0,1,-0.0
968,48,8,1,0.9115,0,1,-0.0
969,48,9,1,0.9278,0,1,-0.0
970,48,10,1,0.932,0,1,-0.0
971,48,11,1,0.5129,0,1,-0.0
972,48,12,0,0.2135,0,1,-4.0
973,48,13,1,0.5538,1,1,-0.05
974,48,14,2,0.235,1,1,-1.55
975,48,15,1,0.5771,0,1,-0.0
976,48,16,1,0.2478,0,1,-0.0
977,48,17,1,0.0982,0,1,-0.0
978,48,18,1,0.3971,0,1,-0.0
979,48,19,1,0.1584,0,1,-0.0
980,49,0,1,0.2,0,0,-0.0
981,49,1,1,0.5385,0,0,-0.0
982,49,2,1,0.2268,0,0,-0.0
983,49,3,0,0.0906,0,0,2.0
984,49,4,2,0.0451,1,0,-0.35
985,49,5,0,0.0313,0,0,2.0
986,49,6,0,0.0272,1,0,1.95
987,49,7,2,0.026,2,0,-0.4
988,49,8,0,0.0257,1,0,1.95
989,49,9,2,0.0256,2,0,-0.4
990,49,10,0,0.0256,1,0,1.95
991,49,11,2,0.2575,2,0,-0.4
992,49,12,2,0.1018,1,0,-0.35
993,49,13,0,0.0486,0,0,2.0
994,49,14,2,0.0323,1,0,-0.35
995,49,15,0,0.0275,0,0,2.0
996,49,16,2,0.0261,1,0,-0.35
997,49,17,0,0.0257,0,0,2.0
998,49,18,2,0.2578,1,0,-0.35
999,49,19,1,0.102,0,0,-0.0
1000,50,0,1,0.2,0,1,-0.0
1001,50,1,0,0.0811,0,1,-4.0
1002,50,2,2,0.0421,1,0,-0.35
1003,50,3,1,0.2931,0,0,-0.0
1004,50,4,0,0.1154,0,0,2.0
1005,50,5,2,0.0529,1,0,-0.35
1006,50,6,0,0.0336,0,0,2.0
1007,50,7,0,0.0279,1,0,1.95
1008,50,8,2,0.0262,2,0,-0.4
1009,50,9,0,0.0258,1,0,1.95
1010,50,10,2,0.0256,2,0,-0.4
1011,50,11,0,0.0256,1,0,1.95
1012,50,12,2,0.0256,2,0,-0.4
1013,50,13,2,0.2575,1,0,-0.35
1014,50,14,0,0.1018,0,0,2.0
1015,50,15,2,0.0486,1,0,-0.35
1016,50,16,1,0.3063,0,0,-0.0
1017,50,17,1,0.6444,0,0,-0.0
1018,50,18,1,0.2874,0,0,-0.0
1019,50,19,1,0.1132,0,0,-0.0
1020,51,0,1,0.2,0,1,-0.0
1021,51,1,0,0.0811,0,1,-4.0
1022,51,2,1,0.3677,1,1,-0.05
1023,51,3,1,0.6928,1,1,-0.05
1024,51,4,1,0.8606,1,1,-0.05
1025,51,5,1,0.9142,1,1,-0.05
1026,51,6,1,0.9285,1,0,-0.05
1027,51,7,1,0.9321,1,1,-0.05
1028,51,8,1,0.933,1,1,-0.05
1029,51,9,1,0.514,1,1,-0.05
1030,51,10,2,0.214,1,0,-0.35
1031,51,11,0,0.086,0,0,2.0
1032,51,12,2,0.0436,1,0,-0.35
1033,51,13,0,0.0309,0,0,2.0
1034,51,14,2,0.0271,1,0,-0.35
1035,51,15,0,0.026,0,0,2.0
1036,51,16,2,0.0257,1,0,-0.35
1037,51,17,0,0.0256,0,0,2.0
1038,51,18,2,0.0256,1,0,-0.35
1039,51,19,1,0.0256,0,0,-0.0
1040,52,0,1,0.2,0,0,-0.0
1041,52,1,0,0.0811,0,0,2.0
1042,52,2,2,0.0421,1,0,-0.35
1043,52,3,0,0.0304,0,0,2.0
1044,52,4,0,0.027,1,0,1.95
1045,52,5,2,0.026,2,0,-0.4
1046,52,6,0,0.0257,1,0,1.95
1047,52,7,2,0.2577,2,1,-1.6
1048,52,8,2,0.1019,1,0,-0.35
1049,52,9,0,0.0486,0,0,2.0
1050,52,10,1,0.3063,1,0,-0.05
1051,52,11,2,0.1206,1,0,-0.35
1052,52,12,0,0.0545,0,0,2.0
1053,52,13,0,0.0341,1,0,1.95
1054,52,14,2,0.028,2,0,-0.4
1055,52,15,0,0.0263,1,0,1.95
1056,52,16,2,0.2591,2,0,-0.4
1057,52,17,1,0.6014,1,1,-0.05
1058,52,18,1,0.8241,1,1,-0.05
1059,52,19,2,0.9038,1,1,-1.55
1060,53,0,1,0.2,0,0,-0.0
1061,53,1,0,0.0811,0,0,2.0
1062,53,2,2,0.0421,1,0,-0.35
1063,53,3,0,0.0304,0,0,2.0
1064,53,4,0,0.027,1,1,-4.05
1065,53,5,2,0.026,2,1,-1.6
1066,53,6,0,0.0257,1,1,-4.05
1067,53,7,2,0.2577,2,1,-1.6
1068,53,8,1,0.6001,1,1,-0.05
1069,53,9,1,0.8236,1,1,-0.05
1070,53,10,1,0.4149,1,0,-0.05
1071,53,11,2,0.1663,1,0,-0.35
1072,53,12,0,0.0695,0,0,2.0
1073,53,13,0,0.0386,1,0,1.95
1074,53,14,2,0.0294,2,0,-0.4
1075,53,15,0,0.0267,1,0,1.95
1076,53,16,2,0.0259,2,0,-0.4
1077,53,17,0,0.0256,1,0,1.95
1078,53,18,2,0.0256,2,1,-1.6
1079,53,19,2,0.0256,1,1,-1.55
1080,54,0,1,0.2,0,0,-0.0
1081,54,1,0,0.0811,0,0,2.0
1082,54,2,2,0.0421,1,0,-0.35
1083,54,3,0,0.0304,0,0,2.0
1084,54,4,0,0.027,1,0,1.95
1085,54,5,2,0.026,2,0,-0.4
1086,54,6,2,0.2584,1,0,-0.35
1087,54,7,0,0.1022,0,0,2.0
1088,54,8,2,0.0487,1,0,-0.35
1089,54,9,0,0.0323,0,0,2.0
1090,54,10,0,0.0275,1,0,1.95
1091,54,11,2,0.0261,2,0,-0.4
1092,54,12,2,0.2588,1,0,-0.35
1093,54,13,0,0.1023,0,0,2.0
1094,54,14,2,0.0487,1,0,-0.35
1095,54,15,1,0.3066,0,0,-0.0
1096,54,16,0,0.1207,0,0,2.0
1097,54,17,2,0.0545,1,0,-0.35
1098,54,18,1,0.3182,0,0,-0.0
1099,54,19,1,0.6544,0,1,-0.0
1100,55,0,1,0.2,0,0,-0.0
1101,55,1,0,0.0811,0,0,2.0
1102,55,2,2,0.0421,1,0,-0.35
1103,55,3,0,0.0304,0,0,2.0
1104,55,4,0,0.027,1,0,1.95
1105,55,5,2,0.026,2,0,-0.4
1106,55,6,0,0.0257,1,0,1.95
1107,55,7,2,0.0256,2,0,-0.4
1108,55,8,0,0.0256,1,0,1.95
1109,55,9,2,0.0256,2,1,-1.6
1110,55,10,2,0.2575,1,1,-1.55
1111,55,11,0,0.1018,0,0,2.0
1112,55,12,1,0.403,1,0,-0.05
1113,55,13,2,0.161,1,0,-0.35
1114,55,14,0,0.0678,0,0,2.0
1115,55,15,0,0.0381,1,0,1.95
1116,55,16,2,0.0292,2,0,-0.4
1117,55,17,0,0.0266,1,0,1.95
1118,55,18,2,0.0259,2,0,-0.4
1119,55,19,2,0.0256,1,0,-0.35
1120,56,0,1,0.2,0,0,-0.0
1121,56,1,0,0.0811,0,0,2.0
1122,56,2,2,0.0421,1,0,-0.35
1123,56,3,1,0.2931,0,0,-0.0
1124,56,4,1,0.633,0,1,-0.0
1125,56,5,1,0.2804,0,0,-0.0
1126,56,6,0,0.1105,0,0,2.0
1127,56,7,1,0.4169,1,0,-0.05
1128,56,8,2,0.1673,1,0,-0.35
1129,56,9,0,0.0699,0,0,2.0
1130,56,10,2,0.0387,1,0,-0.35
1131,56,11,1,0.2859,0,0,-0.0
1132,56,12,1,0.6266,0,1,-0.0
1133,56,13,1,0.8348,0,1,-0.0
1134,56,14,1,0.9069,0,1,-0.0
1135,56,15,1,0.9266,0,1,-0.0
1136,56,16,1,0.5076,0,0,-0.0
1137,56,17,1,0.7793,0,0,-0.0
1138,56,18,1,0.8901,0,0,-0.0
1139,56,19,1,0.4728,0,0,-0.0
1140,57,0,1,0.2,0,0,-0.0
1141,57,1,0,0.0811,0,0,2.0
1142,57,2,1,0.3677,1,0,-0.05
1143,57,3,2,0.1457,1,0,-0.35
1144,57,4,0,0.0627,0,0,2.0
1145,57,5,0,0.0365,1,0,1.95
1146,57,6,2,0.0288,2,0,-0.4
1147,57,7,0,0.0265,1,0,1.95
1148,57,8,2,0.0258,2,0,-0.4
1149,57,9,0,0.0256,1,0,1.95
1150,57,10,2,0.0256,2,0,-0.4
1151,57,11,0,0.0256,1,0,1.95
1152,57,12,2,0.0256,2,0,-0.4
1153,57,13,0,0.0256,1,0,1.95
1154,57,14,2,0.2575,2,1,-1.6
1155,57,15,1,0.5998,1,0,-0.05
1156,57,16,1,0.2608,1,0,-0.05
1157,57,17,2,0.103,1,0,-0.35
1158,57,18,0,0.049,0,0,2.0
1159,57,19,2,0.0324,1,0,-0.35
1160,58,0,1,0.2,0,0,-0.0
1161,58,1,0,0.0811,0,0,2.0
1162,58,2,2,0.0421,1,0,-0.35
1163,58,3,0,0.0304,0,0,2.0
1164,58,4,0,0.027,1,0,1.95
1165,58,5,2,0.2606,2,0,-0.4
1166,58,6,2,0.103,1,0,-0.35
1167,58,7,0,0.0489,0,0,2.0
1168,58,8,2,0.0324,1,0,-0.35
1169,58,9,0,0.0276,0,0,2.0
1170,58,10,0,0.0261,1,0,1.95
1171,58,11,2,0.0257,2,0,-0.4
1172,58,12,2,0.0256,1,0,-0.35
1173,58,13,0,0.0256,0,0,2.0
1174,58,14,2,0.0256,1,0,-0.35
1175,58,15,0,0.0256,0,0,2.0
1176,58,16,1,0.2575,1,0,-0.05
1177,58,17,1,0.5998,1,1,-0.05
1178,58,18,1,0.8235,1,1,-0.05
1179,58,19,2,0.9036,1,1,-1.55
1180,59,0,1,0.2,0,0,-0.0
1181,59,1,0,0.0811,0,0,2.0
1182,59,2,2,0.0421,1,0,-0.35
1183,59,3,0,0.0304,0,1,-4.0
1184,59,4,2,0.2682,1,1,-1.55
1185,59,5,0,0.1058,0,0,2.0
1186,59,6,2,0.0498,1,0,-0.35
1187,59,7,0,0.0327,0,0,2.0
1188,59,8,2,0.2731,1,0,-0.35
1189,59,9,0,0.1077,0,0,2.0
1190,59,10,2,0.0504,1,0,-0.35
1191,59,11,0,0.0329,0,0,2.0
1192,59,12,2,0.0277,1,0,-0.35
1193,59,13,0,0.0262,0,0,2.0
1194,59,14,2,0.0257,1,0,-0.35
1195,59,15,0,0.0256,0,0,2.0
1196,59,16,2,0.0256,1,0,-0.35
1197,59,17,0,0.0256,0,0,2.0
1198,59,18,2,0.2575,1,1,-1.55
1199,59,19,1,0.1018,0,0,-0.0
1200,60,0,1,0.2,0,0,-0.0
1201,60,1,0,0.0811,0,0,2.0
1202,60,2,2,0.0421,1,0,-0.35
1203,60,3,0,0.0304,0,0,2.0
1204,60,4,0,0.027,1,0,1.95
1205,60,5,2,0.026,2,1,-1.6
1206,60,6,0,0.0257,1,1,-4.05
1207,60,7,2,0.0256,2,1,-1.6
1208,60,8,2,0.2576,1,1,-1.55
1209,60,9,1,0.5999,0,1,-0.0
1210,60,10,1,0.2608,0,1,-0.0
1211,60,11,1,0.6031,0,1,-0.0
1212,60,12,1,0.8249,0,1,-0.0
1213,60,13,1,0.416,0,1,-0.0
1214,60,14,0,0.1668,0,0,2.0
1215,60,15,2,0.0697,1,0,-0.35
1216,60,16,0,0.0387,0,0,2.0
1217,60,17,2,0.2858,1,0,-0.35
1218,60,18,0,0.1126,0,0,2.0
1219,60,19,2,0.052,1,0,-0.35
1220,61,0,1,0.2,0,1,-0.0
1221,61,1,0,0.0811,0,0,2.0
1222,61,2,1,0.3677,1,0,-0.05
1223,61,3,2,0.1457,1,0,-0.35
1224,61,4,1,0.4692,0,0,-0.0
1225,61,5,1,0.1917,0,0,-0.0
1226,61,6,0,0.0782,0,0,2.0
1227,61,7,0,0.0412,1,0,1.95
1228,61,8,2,0.0301,2,0,-0.4
1229,61,9,0,0.0269,1,0,1.95
1230,61,10,2,0.0259,2,0,-0.4
1231,61,11,0,0.0257,1,0,1.95
1232,61,12,2,0.0256,2,0,-0.4
1233,61,13,2,0.2576,1,0,-0.35
1234,61,14,0,0.1018,0,0,2.0
1235,61,15,2,0.0486,1,0,-0.35
1236,61,16,0,0.0323,0,0,2.0
1237,61,17,2,0.2723,1,0,-0.35
1238,61,18,0,0.1074,0,0,2.0
1239,61,19,2,0.0503,1,0,-0.35
1240,62,0,1,0.2,0,1,-0.0
1241,62,1,1,0.5385,0,1,-0.0
1242,62,2,1,0.795,0,1,-0.0
1243,62,3,1,0.392,0,1,-0.0
1244,62,4,1,0.7099,0,1,-0.0
1245,62,5,1,0.8668,0,1,-0.0
1246,62,6,1,0.4518,0,0,-0.0
1247,62,7,1,0.748,0,0,-0.0
1248,62,8,1,0.3567,0,0,-0.0
1249,62,9,0,0.141,0,0,2.0
1250,62,10,2,0.0611,1,0,-0.35
1251,62,11,0,0.0361,0,0,2.0
1252,62,12,2,0.0286,1,0,-0.35
1253,62,13,0,0.0264,0,0,2.0
1254,62,14,2,0.0258,1,0,-0.35
1255,62,15,1,0.2581,0,1,-0.0
1256,62,16,0,0.102,0,1,-4.0
1257,62,17,2,0.0486,1,1,-1.55
1258,62,18,1,0.3064,0,1,-0.0
1259,62,19,1,0.1206,0,1,-0.0
1260,63,0,1,0.2,0,0,-0.0
1261,63,1,0,0.0811,0,0,2.0
1262,63,2,2,0.0421,1,0,-0.35
1263,63,3,0,0.0304,0,0,2.0
1264,63,4,2,0.2682,1,0,-0.35
1265,63,5,1,0.6101,0,0,-0.0
1266,63,6,1,0.2668,0,0,-0.0
1267,63,7,0,0.1053,0,0,2.0
1268,63,8,2,0.0497,1,0,-0.35
1269,63,9,0,0.0326,0,0,2.0
1270,63,10,2,0.273,1,1,-1.55
1271,63,11,0,0.1077,0,0,2.0
1272,63,12,2,0.0504,1,0,-0.35
1273,63,13,0,0.0329,0,0,2.0
1274,63,14,2,0.0277,1,0,-0.35
1275,63,15,0,0.0262,0,0,2.0
1276,63,16,2,0.0257,1,0,-0.35
1277,63,17,1,0.2579,0,0,-0.0
1278,63,18,0,0.102,0,0,2.0
1279,63,19,2,0.0486,1,0,-0.35
1280,64,0,1,0.2,0,0,-0.0
1281,64,1,0,0.0811,0,0,2.0
1282,64,2,2,0.0421,1,0,-0.35
1283,64,3,0,0.0304,0,0,2.0
1284,64,4,2,0.2682,1,0,-0.35
1285,64,5,0,0.1058,0,0,2.0
1286,64,6,2,0.0498,1,0,-0.35
1287,64,7,0,0.0327,0,0,2.0
1288,64,8,0,0.0276,1,0,1.95
1289,64,9,2,0.0262,2,0,-0.4
1290,64,10,2,0.2588,1,0,-0.35
1291,64,11,0,0.1023,0,0,2.0
1292,64,12,2,0.0487,1,0,-0.35
1293,64,13,0,0.0324,0,0,2.0
1294,64,14,2,0.0275,1,0,-0.35
1295,64,15,0,0.0261,0,0,2.0
1296,64,16,2,0.0257,1,0,-0.35
1297,64,17,0,0.0256,0,0,2.0
1298,64,18,2,0.0256,1,0,-0.35
1299,64,19,1,0.2575,0,0,-0.0
1300,65,0,1,0.2,0,0,-0.0
1301,65,1,0,0.0811,0,0,2.0
1302,65,2,2,0.0421,1,0,-0.35
1303,65,3,1,0.2931,0,0,-0.0
1304,65,4,1,0.633,0,0,-0.0
1305,65,5,1,0.2804,0,0,-0.0
1306,65,6,0,0.1105,0,0,2.0
1307,65,7,2,0.0513,1,0,-0.35
1308,65,8,0,0.0331,0,0,2.0
1309,65,9,0,0.0278,1,0,1.95
1310,65,10,2,0.2624,2,0,-0.4
1311,65,11,1,0.6046,1,0,-0.05
1312,65,12,2,0.2635,1,0,-0.35
1313,65,13,0,0.1041,0,0,2.0
1314,65,14,1,0.4067,1,0,-0.05
1315,65,15,2,0.1627,1,0,-0.35
1316,65,16,0,0.0683,0,0,2.0
1317,65,17,0,0.0382,1,0,1.95
1318,65,18,2,0.2849,2,0,-0.4
1319,65,19,2,0.1122,1,0,-0.35
1320,66,0,1,0.2,0,1,-0.0
1321,66,1,0,0.0811,0,0,2.0
1322,66,2,1,0.3677,1,0,-0.05
1323,66,3,2,0.1457,1,0,-0.35
1324,66,4,0,0.0627,0,0,2.0
1325,66,5,0,0.0365,1,0,1.95
1326,66,6,2,0.0288,2,0,-0.4
1327,66,7,0,0.0265,1,0,1.95
1328,66,8,2,0.0258,2,0,-0.4
1329,66,9,0,0.0256,1,0,1.95
1330,66,10,2,0.0256,2,0,-0.4
1331,66,11,2,0.2575,1,0,-0.35
1332,66,12,0,0.1018,0,0,2.0
1333,66,13,2,0.0486,1,0,-0.35
1334,66,14,0,0.0323,0,0,2.0
1335,66,15,0,0.0275,1,0,1.95
1336,66,16,2,0.2618,2,0,-0.4
1337,66,17,2,0.1034,1,0,-0.35
1338,66,18,0,0.0491,0,0,2.0
1339,66,19,2,0.0325,1,0,-0.35
1340,67,0,1,0.2,0,0,-0.0
1341,67,1,0,0.0811,0,0,2.0
1342,67,2,2,0.0421,1,0,-0.35
1343,67,3,0,0.0304,0,0,2.0
1344,67,4,0,0.027,1,0,1.95
1345,67,5,2,0.2606,2,0,-0.4
1346,67,6,2,0.103,1,0,-0.35
1347,67,7,1,0.4049,0,0,-0.0
1348,67,8,0,0.1619,0,0,2.0
1349,67,9,2,0.068,1,0,-0.35
1350,67,10,0,0.0382,0,0,2.0
1351,67,11,0,0.0292,1,0,1.95
1352,67,12,2,0.0266,2,0,-0.4
1353,67,13,0,0.0259,1,0,1.95
1354,67,14,2,0.0256,2,0,-0.4
1355,67,15,2,0.2577,1,0,-0.35
1356,67,16,1,0.6,0,1,-0.0
1357,67,17,1,0.8235,0,1,-0.0
1358,67,18,1,0.9036,0,1,-0.0
1359,67,19,1,0.9258,0,1,-0.0
1360,68,0,1,0.2,0,0,-0.0
1361,68,1,0,0.0811,0,0,2.0
1362,68,2,1,0.3677,1,0,-0.05
1363,68,3,2,0.1457,1,0,-0.35
1364,68,4,0,0.0627,0,0,2.0
1365,68,5,0,0.0365,1,0,1.95
1366,68,6,2,0.0288,2,0,-0.4
1367,68,7,0,0.0265,1,0,1.95
1368,68,8,2,0.0258,2,0,-0.4
1369,68,9,0,0.0256,1,0,1.95
1370,68,10,2,0.0256,2,0,-0.4
1371,68,11,0,0.0256,1,0,1.95
1372,68,12,2,0.0256,2,0,-0.4
1373,68,13,0,0.0256,1,0,1.95
1374,68,14,2,0.2575,2,0,-0.4
1375,68,15,2,0.1018,1,0,-0.35
1376,68,16,0,0.0486,0,0,2.0
1377,68,17,0,0.0323,1,0,1.95
1378,68,18,2,0.0275,2,1,-1.6
1379,68,19,2,0.0261,1,1,-1.55
1380,69,0,1,0.2,0,1,-0.0
1381,69,1,0,0.0811,0,1,-4.0
1382,69,2,1,0.3677,1,1,-0.05
1383,69,3,1,0.6928,1,1,-0.05
1384,69,4,2,0.3184,1,1,-1.55
1385,69,5,0,0.1253,0,0,2.0
1386,69,6,2,0.056,1,0,-0.35
1387,69,7,0,0.0345,0,0,2.0
1388,69,8,0,0.0282,1,0,1.95
1389,69,9,2,0.0263,2,0,-0.4
1390,69,10,0,0.0258,1,0,1.95
1391,69,11,2,0.0256,2,0,-0.4
1392,69,12,2,0.0256,1,0,-0.35
1393,69,13,1,0.2575,0,0,-0.0
1394,69,14,0,0.1018,0,0,2.0
1395,69,15,2,0.0486,1,0,-0.35
1396,69,16,0,0.0323,0,0,2.0
1397,69,17,0,0.0275,1,1,-4.05
1398,69,18,2,0.0261,2,0,-0.4
1399,69,19,2,0.0257,1,0,-0.35
1400,70,0,1,0.2,0,0,-0.0
1401,70,1,0,0.0811,0,0,2.0
1402,70,2,2,0.0421,1,0,-0.35
1403,70,3,0,0.0304,0,0,2.0
1404,70,4,0,0.027,1,0,1.95
1405,70,5,2,0.026,2,0,-0.4
1406,70,6,0,0.0257,1,0,1.95
1407,70,7,2,0.0256,2,0,-0.4
1408,70,8,0,0.0256,1,0,1.95
1409,70,9,2,0.0256,2,0,-0.4
1410,70,10,0,0.0256,1,0,1.95
1411,70,11,2,0.0256,2,0,-0.4
1412,70,12,2,0.0256,1,0,-0.35
1413,70,13,0,0.0256,0,0,2.0
1414,70,14,2,0.0256,1,0,-0.35
1415,70,15,1,0.2575,0,0,-0.0
1416,70,16,0,0.1018,0,0,2.0
1417,70,17,2,0.0486,1,0,-0.35
1418,70,18,0,0.0323,0,0,2.0
1419,70,19,2,0.0275,1,0,-0.35
1420,71,0,1,0.2,0,0,-0.0
1421,71,1,0,0.0811,0,0,2.0
1422,71,2,2,0.0421,1,0,-0.35
1423,71,3,0,0.0304,0,0,2.0
1424,71,4,0,0.027,1,0,1.95
1425,71,5,2,0.026,2,0,-0.4
1426,71,6,0,0.0257,1,0,1.95
1427,71,7,2,0.0256,2,0,-0.4
1428,71,8,2,0.2576,1,0,-0.35
1429,71,9,1,0.5999,0,0,-0.0
1430,71,10,1,0.2608,0,0,-0.0
1431,71,11,0,0.1031,0,0,2.0
1432,71,12,2,0.049,1,0,-0.35
1433,71,13,0,0.0324,0,0,2.0
1434,71,14,2,0.0276,1,0,-0.35
1435,71,15,0,0.0261,0,0,2.0
1436,71,16,2,0.0257,1,0,-0.35
1437,71,17,0,0.0256,0,0,2.0
1438,71,18,2,0.0256,1,0,-0.35
1439,71,19,1,0.2575,0,0,-0.0
1440,72,0,1,0.2,0,0,-0.0
1441,72,1,1,0.5385,0,1,-0.0
1442,72,2,1,0.795,0,1,-0.0
1443,72,3,1,0.392,0,0,-0.0
1444,72,4,0,0.1562,0,0,2.0
1445,72,5,2,0.0661,1,0,-0.35
1446,72,6,0,0.0376,0,0,2.0
1447,72,7,2,0.2836,1,0,-0.35
1448,72,8,1,0.6244,0,0,-0.0
1449,72,9,1,0.2752,0,0,-0.0
1450,72,10,0,0.1085,0,0,2.0
1451,72,11,2,0.0507,1,0,-0.35
1452,72,12,0,0.0329,0,0,2.0
1453,72,13,0,0.0277,1,0,1.95
1454,72,14,2,0.0262,2,0,-0.4
1455,72,15,0,0.0257,1,0,1.95
1456,72,16,2,0.2579,2,0,-0.4
1457,72,17,1,0.6002,1,0,-0.05
1458,72,18,2,0.261,1,0,-0.35
1459,72,19,1,0.1031,0,0,-0.0
1460,73,0,1,0.2,0,0,-0.0
1461,73,1,1,0.5385,0,0,-0.0
1462,73,2,1,0.795,0,0,-0.0
1463,73,3,1,0.392,0,0,-0.0
1464,73,4,0,0.1562,0,0,2.0
1465,73,5,2,0.0661,1,0,-0.35
1466,73,6,0,0.0376,0,0,2.0
1467,73,7,2,0.2836,1,0,-0.35
1468,73,8,0,0.1117,0,0,2.0
1469,73,9,2,0.0517,1,0,-0.35
1470,73,10,0,0.0332,0,0,2.0
1471,73,11,0,0.0278,1,0,1.95
1472,73,12,2,0.0262,2,0,-0.4
1473,73,13,0,0.0257,1,0,1.95
1474,73,14,2,0.0256,2,0,-0.4
1475,73,15,0,0.0256,1,0,1.95
1476,73,16,2,0.0256,2,0,-0.4
1477,73,17,0,0.0256,1,0,1.95
1478,73,18,2,0.0256,2,0,-0.4
1479,73,19,2,0.2575,1,0,-0.35
1480,74,0,1,0.2,0,1,-0.0
1481,74,1,0,0.0811,0,1,-4.0
1482,74,2,1,0.3677,1,0,-0.05
1483,74,3,2,0.1457,1,0,-0.35
1484,74,4,0,0.0627,0,0,2.0
1485,74,5,0,0.0365,1,0,1.95
1486,74,6,2,0.0288,2,0,-0.4
1487,74,7,0,0.0265,1,0,1.95
1488,74,8,2,0.0258,2,0,-0.4
1489,74,9,0,0.0256,1,0,1.95
1490,74,10,2,0.2577,2,0,-0.4
1491,74,11,2,0.1019,1,0,-0.35
1492,74,12,0,0.0486,0,0,2.0
1493,74,13,0,0.0323,1,0,1.95
1494,74,14,2,0.0275,2,0,-0.4
1495,74,15,0,0.0261,1,0,1.95
1496,74,16,2,0.2587,2,0,-0.4
1497,74,17,2,0.1023,1,0,-0.35
1498,74,18,0,0.0487,0,0,2.0
1499,74,19,2,0.0324,1,0,-0.35
1500,75,0,1,0.2,0,0,-0.0
1501,75,1,0,0.0811,0,0,2.0
1502,75,2,1,0.3677,1,0,-0.05
1503,75,3,2,0.1457,1,0,-0.35
1504,75,4,0,0.0627,0,0,2.0
1505,75,5,0,0.0365,1,0,1.95
1506,75,6,2,0.0288,2,0,-0.4
1507,75,7,0,0.0265,1,0,1.95
1508,75,8,2,0.0258,2,0,-0.4
1509,75,9,0,0.0256,1,0,1.95
1510,75,10,2,0.0256,2,0,-0.4
1511,75,11,0,0.0256,1,0,1.95
1512,75,12,2,0.0256,2,0,-0.4
1513,75,13,2,0.2575,1,1,-1.55
1514,75,14,1,0.5998,0,1,-0.0
1515,75,15,1,0.2608,0,1,-0.0
1516,75,16,0,0.103,0,0,2.0
1517,75,17,2,0.405,1,1,-1.55
1518,75,18,1,0.7187,0,1,-0.0
1519,75,19,1,0.8699,0,1,-0.0
1520,76,0,1,0.2,0,0,-0.0
1521,76,1,0,0.0811,0,0,2.0
1522,76,2,2,0.0421,1,0,-0.35
1523,76,3,1,0.2931,0,0,-0.0
1524,76,4,0,0.1154,0,0,2.0
1525,76,5,2,0.0529,1,0,-0.35
1526,76,6,1,0.3148,0,0,-0.0
1527,76,7,0,0.1239,0,0,2.0
1528,76,8,2,0.0556,1,0,-0.35
1529,76,9,0,0.0344,0,0,2.0
1530,76,10,2,0.2768,1,0,-0.35
1531,76,11,0,0.1091,0,0,2.0
1532,76,12,2,0.0509,1,0,-0.35
1533,76,13,0,0.033,0,0,2.0
1534,76,14,2,0.0277,1,0,-0.35
1535,76,15,0,0.0262,0,0,2.0
1536,76,16,2,0.0257,1,0,-0.35
1537,76,17,0,0.0256,0,0,2.0
1538,76,18,2,0.0256,1,0,-0.35
1539,76,19,1,0.0256,0,0,-0.0
1540,77,0,1,0.2,0,0,-0.0
1541,77,1,0,0.0811,0,0,2.0
1542,77,2,1,0.3677,1,0,-0.05
1543,77,3,2,0.1457,1,0,-0.35
1544,77,4,0,0.0627,0,0,2.0
1545,77,5,0,0.0365,1,0,1.95
1546,77,6,2,0.0288,2,0,-0.4
1547,77,7,0,0.0265,1,0,1.95
1548,77,8,2,0.0258,2,0,-0.4
1549,77,9,0,0.0256,1,0,1.95
1550,77,10,2,0.2577,2,0,-0.4
1551,77,11,2,0.1019,1,0,-0.35
1552,77,12,0,0.0486,0,0,2.0
1553,77,13,0,0.0323,1,0,1.95
1554,77,14,2,0.0275,2,0,-0.4
1555,77,15,0,0.0261,1,1,-4.05
1556,77,16,2,0.0257,2,1,-1.6
1557,77,17,2,0.2578,1,1,-1.55
1558,77,18,1,0.6002,0,1,-0.0
1559,77,19,1,0.261,0,1,-0.0
1560,78,0,1,0.2,0,0,-0.0
1561,78,1,0,0.0811,0,0,2.0
1562,78,2,2,0.0421,1,0,-0.35
1563,78,3,0,0.0304,0,0,2.0
1564,78,4,2,0.2682,1,0,-0.35
1565,78,5,0,0.1058,0,0,2.0
1566,78,6,2,0.0498,1,0,-0.35
1567,78,7,0,0.0327,0,0,2.0
1568,78,8,0,0.0276,1,0,1.95
1569,78,9,2,0.0262,2,0,-0.4
1570,78,10,0,0.0257,1,0,1.95
1571,78,11,2,0.2579,2,0,-0.4
1572,78,12,2,0.102,1,0,-0.35
1573,78,13,0,0.0486,0,0,2.0
1574,78,14,2,0.0323,1,0,-0.35
1575,78,15,0,0.0275,0,0,2.0
1576,78,16,2,0.0261,1,0,-0.35
1577,78,17,0,0.0257,0,0,2.0
1578,78,18,2,0.0256,1,0,-0.35
1579,78,19,1,0.0256,0,0,-0.0
1580,79,0,1,0.2,0,0,-0.0
1581,79,1,0,0.0811,0,0,2.0
1582,79,2,2,0.0421,1,0,-0.35
1583,79,3,0,0.0304,0,0,2.0
1584,79,4,0,0.027,1,0,1.95
1585,79,5,2,0.026,2,0,-0.4
1586,79,6,0,0.0257,1,0,1.95
1587,79,7,2,0.2577,2,0,-0.4
1588,79,8,1,0.6001,1,0,-0.05
1589,79,9,2,0.2609,1,0,-0.35
1590,79,10,0,0.1031,0,0,2.0
1591,79,11,2,0.049,1,0,-0.35
1592,79,12,0,0.0324,0,0,2.0
1593,79,13,0,0.0276,1,0,1.95
1594,79,14,2,0.0261,2,0,-0.4
1595,79,15,0,0.0257,1,0,1.95
1596,79,16,2,0.0256,2,0,-0.4
1597,79,17,0,0.0256,1,0,1.95
1598,79,18,2,0.0256,2,1,-1.6
1599,79,19,2,0.2575,1,1,-1.55
